<?xml version="1.0" encoding="UTF-8" ?>
<!DOCTYPE mapper PUBLIC "-//mybatis.org//DTD Mapper 3.0//EN" "http://mybatis.org/dtd/mybatis-3-mapper.dtd" >
<mapper namespace="cn.xj.mapper.CourseMapper" >
  <resultMap id="BaseResultMap" type="cn.xj.pojo.Course" >
    <id column="Cno" property="cno" jdbcType="CHAR" />
    <result column="Cname" property="cname" jdbcType="CHAR" />
    <result column="Cpno" property="cpno" jdbcType="CHAR" />
    <result column="Ccredit" property="ccredit" jdbcType="CHAR" />
  </resultMap>
  <sql id="Example_Where_Clause" >
    <where >
      <foreach collection="oredCriteria" item="criteria" separator="or" >
        <if test="criteria.valid" >
          <trim prefix="(" suffix=")" prefixOverrides="and" >
            <foreach collection="criteria.criteria" item="criterion" >
              <choose >
                <when test="criterion.noValue" >
                  and ${criterion.condition}
                </when>
                <when test="criterion.singleValue" >
                  and ${criterion.condition} #{criterion.value}
                </when>
                <when test="criterion.betweenValue" >
                  and ${criterion.condition} #{criterion.value} and #{criterion.secondValue}
                </when>
                <when test="criterion.listValue" >
                  and ${criterion.condition}
                  <foreach collection="criterion.value" item="listItem" open="(" close=")" separator="," >
                    #{listItem}
                  </foreach>
                </when>
              </choose>
            </foreach>
          </trim>
        </if>
      </foreach>
    </where>
  </sql>
  <sql id="Update_By_Example_Where_Clause" >
    <where >
      <foreach collection="example.oredCriteria" item="criteria" separator="or" >
        <if test="criteria.valid" >
          <trim prefix="(" suffix=")" prefixOverrides="and" >
            <foreach collection="criteria.criteria" item="criterion" >
              <choose >
                <when test="criterion.noValue" >
                  and ${criterion.condition}
                </when>
                <when test="criterion.singleValue" >
                  and ${criterion.condition} #{criterion.value}
                </when>
                <when test="criterion.betweenValue" >
                  and ${criterion.condition} #{criterion.value} and #{criterion.secondValue}
                </when>
                <when test="criterion.listValue" >
                  and ${criterion.condition}
                  <foreach collection="criterion.value" item="listItem" open="(" close=")" separator="," >
                    #{listItem}
                  </foreach>
                </when>
              </choose>
            </foreach>
          </trim>
        </if>
      </foreach>
    </where>
  </sql>
  <sql id="Base_Column_List" >
    Cno, Cname, Cpno, Ccredit
  </sql>
  <select id="selectByExample" resultMap="BaseResultMap" parameterType="cn.xj.pojo.CourseExample" >
    select
    <if test="distinct" >
      distinct
    </if>
    <include refid="Base_Column_List" />
    from course
    <if test="_parameter != null" >
      <include refid="Example_Where_Clause" />
    </if>
    <if test="orderByClause != null" >
      order by ${orderByClause}
    </if>
  </select>
  <select id="selectByPrimaryKey" resultMap="BaseResultMap" parameterType="java.lang.String" >
    select 
    <include refid="Base_Column_List" />
    from course
    where Cno = #{cno,jdbcType=CHAR}
  </select>
  <delete id="deleteByPrimaryKey" parameterType="java.lang.String" >
    delete from course
    where Cno = #{cno,jdbcType=CHAR}
  </delete>
  <delete id="deleteByExample" parameterType="cn.xj.pojo.CourseExample" >
    delete from course
    <if test="_parameter != null" >
      <include refid="Example_Where_Clause" />
    </if>
  </delete>
  <insert id="insert" parameterType="cn.xj.pojo.Course" >
    insert into course (Cno, Cname, Cpno, Ccredit
      )
    values (#{cno,jdbcType=CHAR}, #{cname,jdbcType=CHAR}, #{cpno,jdbcType=CHAR}, #{ccredit,jdbcType=CHAR}
      )
  </insert>
  <insert id="insertSelective" parameterType="cn.xj.pojo.Course" >
    insert into course
    <trim prefix="(" suffix=")" suffixOverrides="," >
      <if test="cno != null" >
        Cno,
      </if>
      <if test="cname != null" >
        Cname,
      </if>
      <if test="cpno != null" >
        Cpno,
      </if>
      <if test="ccredit != null" >
        Ccredit,
      </if>
    </trim>
    <trim prefix="values (" suffix=")" suffixOverrides="," >
      <if test="cno != null" >
        #{cno,jdbcType=CHAR},
      </if>
      <if test="cname != null" >
        #{cname,jdbcType=CHAR},
      </if>
      <if test="cpno != null" >
        #{cpno,jdbcType=CHAR},
      </if>
      <if test="ccredit != null" >
        #{ccredit,jdbcType=CHAR},
      </if>
    </trim>
  </insert>
  <select id="countByExample" parameterType="cn.xj.pojo.CourseExample" resultType="java.lang.Integer" >
    select count(*) from course
    <if test="_parameter != null" >
      <include refid="Example_Where_Clause" />
    </if>
  </select>
  <update id="updateByExampleSelective" parameterType="map" >
    update course
    <set >
      <if test="record.cno != null" >
        Cno = #{record.cno,jdbcType=CHAR},
      </if>
      <if test="record.cname != null" >
        Cname = #{record.cname,jdbcType=CHAR},
      </if>
      <if test="record.cpno != null" >
        Cpno = #{record.cpno,jdbcType=CHAR},
      </if>
      <if test="record.ccredit != null" >
        Ccredit = #{record.ccredit,jdbcType=CHAR},
      </if>
    </set>
    <if test="_parameter != null" >
      <include refid="Update_By_Example_Where_Clause" />
    </if>
  </update>
  <update id="updateByExample" parameterType="map" >
    update course
    set Cno = #{record.cno,jdbcType=CHAR},
      Cname = #{record.cname,jdbcType=CHAR},
      Cpno = #{record.cpno,jdbcType=CHAR},
      Ccredit = #{record.ccredit,jdbcType=CHAR}
    <if test="_parameter != null" >
      <include refid="Update_By_Example_Where_Clause" />
    </if>
  </update>
  <update id="updateByPrimaryKeySelective" parameterType="cn.xj.pojo.Course" >
    update course
    <set >
      <if test="cname != null" >
        Cname = #{cname,jdbcType=CHAR},
      </if>
      <if test="cpno != null" >
        Cpno = #{cpno,jdbcType=CHAR},
      </if>
      <if test="ccredit != null" >
        Ccredit = #{ccredit,jdbcType=CHAR},
      </if>
    </set>
    where Cno = #{cno,jdbcType=CHAR}
  </update>
  <update id="updateByPrimaryKey" parameterType="cn.xj.pojo.Course" >
    update course
    set Cname = #{cname,jdbcType=CHAR},
      Cpno = #{cpno,jdbcType=CHAR},
      Ccredit = #{ccredit,jdbcType=CHAR}
    where Cno = #{cno,jdbcType=CHAR}
  </update>
</mapper>