<?xml version="1.0" encoding="UTF-8" ?>
<!DOCTYPE mapper PUBLIC "-//mybatis.org//DTD Mapper 3.0//EN" "http://mybatis.org/dtd/mybatis-3-mapper.dtd" >
<mapper namespace="cn.xj.mapper.StudentMapper" >
  <resultMap id="BaseResultMap" type="cn.xj.pojo.Student" >
    <id column="Sno" property="sno" jdbcType="CHAR" />
    <result column="Sname" property="sname" jdbcType="CHAR" />
    <result column="Ssex" property="ssex" jdbcType="CHAR" />
    <result column="Sage" property="sage" jdbcType="CHAR" />
    <result column="Sdept" property="sdept" jdbcType="CHAR" />
  </resultMap>
  <sql id="Example_Where_Clause" >
    <where >
      <foreach collection="oredCriteria" item="criteria" separator="or" >
        <if test="criteria.valid" >
          <trim prefix="(" suffix=")" prefixOverrides="and" >
            <foreach collection="criteria.criteria" item="criterion" >
              <choose >
                <when test="criterion.noValue" >
                  and ${criterion.condition}
                </when>
                <when test="criterion.singleValue" >
                  and ${criterion.condition} #{criterion.value}
                </when>
                <when test="criterion.betweenValue" >
                  and ${criterion.condition} #{criterion.value} and #{criterion.secondValue}
                </when>
                <when test="criterion.listValue" >
                  and ${criterion.condition}
                  <foreach collection="criterion.value" item="listItem" open="(" close=")" separator="," >
                    #{listItem}
                  </foreach>
                </when>
              </choose>
            </foreach>
          </trim>
        </if>
      </foreach>
    </where>
  </sql>
  <sql id="Update_By_Example_Where_Clause" >
    <where >
      <foreach collection="example.oredCriteria" item="criteria" separator="or" >
        <if test="criteria.valid" >
          <trim prefix="(" suffix=")" prefixOverrides="and" >
            <foreach collection="criteria.criteria" item="criterion" >
              <choose >
                <when test="criterion.noValue" >
                  and ${criterion.condition}
                </when>
                <when test="criterion.singleValue" >
                  and ${criterion.condition} #{criterion.value}
                </when>
                <when test="criterion.betweenValue" >
                  and ${criterion.condition} #{criterion.value} and #{criterion.secondValue}
                </when>
                <when test="criterion.listValue" >
                  and ${criterion.condition}
                  <foreach collection="criterion.value" item="listItem" open="(" close=")" separator="," >
                    #{listItem}
                  </foreach>
                </when>
              </choose>
            </foreach>
          </trim>
        </if>
      </foreach>
    </where>
  </sql>
  <sql id="Base_Column_List" >
    Sno, Sname, Ssex, Sage, Sdept
  </sql>
  <select id="selectByExample" resultMap="BaseResultMap" parameterType="cn.xj.pojo.StudentExample" >
    select
    <if test="distinct" >
      distinct
    </if>
    <include refid="Base_Column_List" />
    from student
    <if test="_parameter != null" >
      <include refid="Example_Where_Clause" />
    </if>
    <if test="orderByClause != null" >
      order by ${orderByClause}
    </if>
  </select>
  <select id="selectByPrimaryKey" resultMap="BaseResultMap" parameterType="java.lang.String" >
    select 
    <include refid="Base_Column_List" />
    from student
    where Sno = #{sno,jdbcType=CHAR}
  </select>
  <delete id="deleteByPrimaryKey" parameterType="java.lang.String" >
    delete from student
    where Sno = #{sno,jdbcType=CHAR}
  </delete>
  <delete id="deleteByExample" parameterType="cn.xj.pojo.StudentExample" >
    delete from student
    <if test="_parameter != null" >
      <include refid="Example_Where_Clause" />
    </if>
  </delete>
  <insert id="insert" parameterType="cn.xj.pojo.Student" >
    insert into student (Sno, Sname, Ssex, Sage, 
      Sdept)
    values (#{sno,jdbcType=CHAR}, #{sname,jdbcType=CHAR}, #{ssex,jdbcType=CHAR}, #{sage,jdbcType=CHAR}, 
      #{sdept,jdbcType=CHAR})
  </insert>
  <insert id="insertSelective" parameterType="cn.xj.pojo.Student" >
    insert into student
    <trim prefix="(" suffix=")" suffixOverrides="," >
      <if test="sno != null" >
        Sno,
      </if>
      <if test="sname != null" >
        Sname,
      </if>
      <if test="ssex != null" >
        Ssex,
      </if>
      <if test="sage != null" >
        Sage,
      </if>
      <if test="sdept != null" >
        Sdept,
      </if>
    </trim>
    <trim prefix="values (" suffix=")" suffixOverrides="," >
      <if test="sno != null" >
        #{sno,jdbcType=CHAR},
      </if>
      <if test="sname != null" >
        #{sname,jdbcType=CHAR},
      </if>
      <if test="ssex != null" >
        #{ssex,jdbcType=CHAR},
      </if>
      <if test="sage != null" >
        #{sage,jdbcType=CHAR},
      </if>
      <if test="sdept != null" >
        #{sdept,jdbcType=CHAR},
      </if>
    </trim>
  </insert>
  <select id="countByExample" parameterType="cn.xj.pojo.StudentExample" resultType="java.lang.Integer" >
    select count(*) from student
    <if test="_parameter != null" >
      <include refid="Example_Where_Clause" />
    </if>
  </select>
  <update id="updateByExampleSelective" parameterType="map" >
    update student
    <set >
      <if test="record.sno != null" >
        Sno = #{record.sno,jdbcType=CHAR},
      </if>
      <if test="record.sname != null" >
        Sname = #{record.sname,jdbcType=CHAR},
      </if>
      <if test="record.ssex != null" >
        Ssex = #{record.ssex,jdbcType=CHAR},
      </if>
      <if test="record.sage != null" >
        Sage = #{record.sage,jdbcType=CHAR},
      </if>
      <if test="record.sdept != null" >
        Sdept = #{record.sdept,jdbcType=CHAR},
      </if>
    </set>
    <if test="_parameter != null" >
      <include refid="Update_By_Example_Where_Clause" />
    </if>
  </update>
  <update id="updateByExample" parameterType="map" >
    update student
    set Sno = #{record.sno,jdbcType=CHAR},
      Sname = #{record.sname,jdbcType=CHAR},
      Ssex = #{record.ssex,jdbcType=CHAR},
      Sage = #{record.sage,jdbcType=CHAR},
      Sdept = #{record.sdept,jdbcType=CHAR}
    <if test="_parameter != null" >
      <include refid="Update_By_Example_Where_Clause" />
    </if>
  </update>
  <update id="updateByPrimaryKeySelective" parameterType="cn.xj.pojo.Student" >
    update student
    <set >
      <if test="sname != null" >
        Sname = #{sname,jdbcType=CHAR},
      </if>
      <if test="ssex != null" >
        Ssex = #{ssex,jdbcType=CHAR},
      </if>
      <if test="sage != null" >
        Sage = #{sage,jdbcType=CHAR},
      </if>
      <if test="sdept != null" >
        Sdept = #{sdept,jdbcType=CHAR},
      </if>
    </set>
    where Sno = #{sno,jdbcType=CHAR}
  </update>
  <update id="updateByPrimaryKey" parameterType="cn.xj.pojo.Student" >
    update student
    set Sname = #{sname,jdbcType=CHAR},
      Ssex = #{ssex,jdbcType=CHAR},
      Sage = #{sage,jdbcType=CHAR},
      Sdept = #{sdept,jdbcType=CHAR}
    where Sno = #{sno,jdbcType=CHAR}
  </update>
</mapper>